month_start,window_N,window_M,ic_score,is_optimal
2020-01-02,10,100,-0.20186345616214665,0
2020-01-02,15,100,-0.14921743471231386,0
2020-01-02,20,100,-0.017868393492275165,0
2020-01-02,25,100,-0.016727781400438995,0
2020-01-02,30,100,0.06732220479921647,0
2020-01-02,35,100,-0.002994307035552917,0
2020-01-02,40,100,0.0848996806484249,0
2020-01-02,45,100,0.07193533443678532,0
2020-01-02,50,100,-0.06544276217019145,0
2020-01-02,55,100,-0.04128072299532604,0
2020-01-02,60,100,-0.1236988872570546,0
2020-01-02,10,150,-0.20982679757468434,0
2020-01-02,15,150,-0.11822883772707396,0
2020-01-02,20,150,0.00032975728674713284,0
2020-01-02,25,150,-0.000633063411962524,0
2020-01-02,30,150,0.0812216539700971,0
2020-01-02,35,150,0.014011939431934168,0
2020-01-02,40,150,0.0973720308006515,0
2020-01-02,45,150,0.10743240196474124,0
2020-01-02,50,150,0.0007433689026662991,0
2020-01-02,55,150,0.041200372223108586,0
2020-01-02,60,150,-0.02354516129441293,0
2020-01-02,10,200,-0.2142939309721014,0
2020-01-02,15,200,-0.11766909108917911,0
2020-01-02,20,200,0.005054210884481037,0
2020-01-02,25,200,0.009408712535438393,0
2020-01-02,30,200,0.0889532257266716,0
2020-01-02,35,200,0.018262674667884154,0
2020-01-02,40,200,0.10124102398667444,0
2020-01-02,45,200,0.10960396218842984,1
2020-01-02,50,200,0.0016909869518841258,0
2020-01-02,55,200,0.04453636192023941,0
2020-01-02,60,200,-0.01702864643843991,0
2020-02-01,10,100,-0.030441034464429164,0
2020-02-01,15,100,0.019570905566969055,0
2020-02-01,20,100,0.06194211061222563,0
2020-02-01,25,100,0.0716975074548734,0
2020-02-01,30,100,0.07702971062106093,0
2020-02-01,35,100,0.00020690782007140213,0
2020-02-01,40,100,-0.0006095915891140756,0
2020-02-01,45,100,0.040382049058214395,0
2020-02-01,50,100,-0.04415071772991464,0
2020-02-01,55,100,-0.044264239062375595,0
2020-02-01,60,100,-0.10440239467971259,0
2020-02-01,10,150,-0.033411306992592746,0
2020-02-01,15,150,0.07159069176281262,0
2020-02-01,20,150,0.08203679859379394,0
2020-02-01,25,150,0.0795845366004268,0
2020-02-01,30,150,0.06770816084333649,0
2020-02-01,35,150,-0.015026048463639346,0
2020-02-01,40,150,-0.017509297742985524,0
2020-02-01,45,150,0.02974998163252382,0
2020-02-01,50,150,-0.052202803931028795,0
2020-02-01,55,150,-0.0464694734762384,0
2020-02-01,60,150,-0.11025946985328249,0
2020-02-01,10,200,-0.037940346243222456,0
2020-02-01,15,200,0.06932356243958772,0
2020-02-01,20,200,0.08316507502781623,1
2020-02-01,25,200,0.07754060900879234,0
2020-02-01,30,200,0.05709325511306911,0
2020-02-01,35,200,-0.02873749945696418,0
2020-02-01,40,200,-0.031510136826734134,0
2020-02-01,45,200,0.0010946855892177156,0
2020-02-01,50,200,-0.07168790966873573,0
2020-02-01,55,200,-0.06731117657323056,0
2020-02-01,60,200,-0.12040463174933894,0
2020-03-01,10,100,0.17310587838398317,0
2020-03-01,15,100,0.19678546906284247,0
2020-03-01,20,100,0.17897749280067013,0
2020-03-01,25,100,0.0389893728948127,0
2020-03-01,30,100,0.017672124806959667,0
2020-03-01,35,100,-0.10616574556831852,0
2020-03-01,40,100,-0.09244333463473688,0
2020-03-01,45,100,-0.05569299021459603,0
2020-03-01,50,100,-0.061175912663954224,0
2020-03-01,55,100,-0.09844341446655928,0
2020-03-01,60,100,-0.13935903150025553,0
2020-03-01,10,150,0.17524022438659226,0
2020-03-01,15,150,0.22720335697781296,0
2020-03-01,20,150,0.20555510046872041,0
2020-03-01,25,150,0.03896705510618743,0
2020-03-01,30,150,0.017876783855143602,0
2020-03-01,35,150,-0.09487499531207384,0
2020-03-01,40,150,-0.08262441491445938,0
2020-03-01,45,150,-0.04011609770873757,0
2020-03-01,50,150,-0.04926085261888737,0
2020-03-01,55,150,-0.09251220942944413,0
2020-03-01,60,150,-0.13319143641412462,0
2020-03-01,10,200,0.17692613117509298,0
2020-03-01,15,200,0.2437108785185311,1
2020-03-01,20,200,0.20435870512846918,0
2020-03-01,25,200,0.03521731608144683,0
2020-03-01,30,200,0.004729432993180117,0
2020-03-01,35,200,-0.11224511763093975,0
2020-03-01,40,200,-0.09908427945843089,0
2020-03-01,45,200,-0.06192046980260915,0
2020-03-01,50,200,-0.07812591710197592,0
2020-03-01,55,200,-0.1364646443045372,0
2020-03-01,60,200,-0.1852104576011964,0
2020-04-01,10,100,0.24887750368205885,0
2020-04-01,15,100,0.41982405619557267,0
2020-04-01,20,100,0.27665620002021063,0
2020-04-01,25,100,0.03821783043155658,0
2020-04-01,30,100,-0.02534231932282267,0
2020-04-01,35,100,-0.12194109504747468,0
2020-04-01,40,100,-0.08651644828681436,0
2020-04-01,45,100,-0.030293771344220018,0
2020-04-01,50,100,-0.010110964410333342,0
2020-04-01,55,100,0.01182749012871005,0
2020-04-01,60,100,0.03811255925512143,0
2020-04-01,10,150,0.25263215992965365,0
2020-04-01,15,150,0.4199557238086291,0
2020-04-01,20,150,0.2659165704769706,0
2020-04-01,25,150,0.03513600996863612,0
2020-04-01,30,150,-0.02276650999337659,0
2020-04-01,35,150,-0.09921752993175458,0
2020-04-01,40,150,-0.054669288401941796,0
2020-04-01,45,150,0.00192726742662506,0
2020-04-01,50,150,0.015257762629524241,0
2020-04-01,55,150,0.0315161870194808,0
2020-04-01,60,150,0.04570232042231287,0
2020-04-01,10,200,0.2583732470619494,0
2020-04-01,15,200,0.4282252980074264,1
2020-04-01,20,200,0.2687115957895357,0
2020-04-01,25,200,0.04104630724042479,0
2020-04-01,30,200,-0.01766024900230253,0
2020-04-01,35,200,-0.08932557695713364,0
2020-04-01,40,200,-0.04388223945255933,0
2020-04-01,45,200,0.008629601176416687,0
2020-04-01,50,200,0.019174959268394198,0
2020-04-01,55,200,0.03286520251593597,0
2020-04-01,60,200,0.04304893366564762,0
2020-05-01,10,100,0.016129340964491028,0
2020-05-01,15,100,0.23219613708460715,0
2020-05-01,20,100,0.11681223481674181,0
2020-05-01,25,100,0.014017811428378346,0
2020-05-01,30,100,-0.0984583450117042,0
2020-05-01,35,100,-0.05416863795164153,0
2020-05-01,40,100,0.06532036730239364,0
2020-05-01,45,100,0.14755391917481037,0
2020-05-01,50,100,0.1892766806759497,0
2020-05-01,55,100,0.24917818339766065,0
2020-05-01,60,100,0.29610975240390747,0
2020-05-01,10,150,0.020239485891610776,0
2020-05-01,15,150,0.23516799928460014,0
2020-05-01,20,150,0.12458367450261242,0
2020-05-01,25,150,0.04693818437380038,0
2020-05-01,30,150,-0.017466842003155045,0
2020-05-01,35,150,0.05257086686770349,0
2020-05-01,40,150,0.1713705589462041,0
2020-05-01,45,150,0.24194420548374554,0
2020-05-01,50,150,0.27200548360940235,0
2020-05-01,55,150,0.3090093866970841,0
2020-05-01,60,150,0.3149049823838019,1
2020-05-01,10,200,0.020481516082549975,0
2020-05-01,15,200,0.2358111072083485,0
2020-05-01,20,200,0.13246335096619735,0
2020-05-01,25,200,0.06905015294008982,0
2020-05-01,30,200,0.008841669234368804,0
2020-05-01,35,200,0.09137763548125447,0
2020-05-01,40,200,0.21788353643912686,0
2020-05-01,45,200,0.2779518730517826,0
2020-05-01,50,200,0.2924347598843707,0
2020-05-01,55,200,0.312263145475526,0
2020-05-01,60,200,0.29809836558836916,0
2020-06-01,10,100,0.05345652103993298,0
2020-06-01,15,100,0.33579428541963846,0
2020-06-01,20,100,0.2087222823357528,0
2020-06-01,25,100,0.13598556421665386,0
2020-06-01,30,100,0.049218732438066064,0
2020-06-01,35,100,0.09394203495538016,0
2020-06-01,40,100,0.23624173030898213,0
2020-06-01,45,100,0.28826712608367433,0
2020-06-01,50,100,0.23566974640390223,0
2020-06-01,55,100,0.24610542383838496,0
2020-06-01,60,100,0.26379800394037417,0
2020-06-01,10,150,0.052603073067752276,0
2020-06-01,15,150,0.3397626114664478,0
2020-06-01,20,150,0.19661140899655566,0
2020-06-01,25,150,0.12573013538598804,0
2020-06-01,30,150,0.0466175660288394,0
2020-06-01,35,150,0.09859290638519545,0
2020-06-01,40,150,0.2422887910357158,0
2020-06-01,45,150,0.29327190008709153,0
2020-06-01,50,150,0.24153206133508492,0
2020-06-01,55,150,0.254205836812081,0
2020-06-01,60,150,0.2553901159042818,0
2020-06-01,10,200,0.056039444389279096,0
2020-06-01,15,200,0.3447040118313279,1
2020-06-01,20,200,0.1948667184741694,0
2020-06-01,25,200,0.12104214585379992,0
2020-06-01,30,200,0.0430103859427881,0
2020-06-01,35,200,0.09918942993305907,0
2020-06-01,40,200,0.2438554093869025,0
2020-06-01,45,200,0.2939670829398166,0
2020-06-01,50,200,0.24151180542698114,0
2020-06-01,55,200,0.2535790441830168,0
2020-06-01,60,200,0.2480143725183148,0
2020-07-01,10,100,-0.13973330805801046,0
2020-07-01,15,100,0.12208031123002643,0
2020-07-01,20,100,0.013449700349628951,0
2020-07-01,25,100,0.016838646542810455,0
2020-07-01,30,100,-0.04984117094860897,0
2020-07-01,35,100,-0.049568026553595414,0
2020-07-01,40,100,0.10455747852031105,0
2020-07-01,45,100,0.19092491219547036,1
2020-07-01,50,100,-0.001519154155243642,0
2020-07-01,55,100,-0.06723055371494718,0
2020-07-01,60,100,0.01596243146779384,0
2020-07-01,10,150,-0.14095887552942413,0
2020-07-01,15,150,0.13050769150080047,0
2020-07-01,20,150,0.009047896601857688,0
2020-07-01,25,150,0.0010497216043917294,0
2020-07-01,30,150,-0.09617730302277244,0
2020-07-01,35,150,-0.07797409201522741,0
2020-07-01,40,150,0.10077126958090146,0
2020-07-01,45,150,0.1903462289815877,0
2020-07-01,50,150,-0.016161891171431093,0
2020-07-01,55,150,-0.08075743560182085,0
2020-07-01,60,150,0.006097669702236423,0
2020-07-01,10,200,-0.1414964585623372,0
2020-07-01,15,200,0.1377133300885365,0
2020-07-01,20,200,0.01059273985667266,0
2020-07-01,25,200,0.0033791181701253305,0
2020-07-01,30,200,-0.09580262610469653,0
2020-07-01,35,200,-0.07625705957926128,0
2020-07-01,40,200,0.1013303865044218,0
2020-07-01,45,200,0.18843799923466997,0
2020-07-01,50,200,-0.01910438315394793,0
2020-07-01,55,200,-0.08354031094244461,0
2020-07-01,60,200,0.002161959382569347,0
2020-08-01,10,100,0.1660109384596884,0
2020-08-01,15,100,0.16728561752543614,1
2020-08-01,20,100,0.13201004974876157,0
2020-08-01,25,100,0.08431470201703364,0
2020-08-01,30,100,0.062395636376688296,0
2020-08-01,35,100,0.08618013436907032,0
2020-08-01,40,100,0.12071901474501888,0
2020-08-01,45,100,0.10013653538080904,0
2020-08-01,50,100,0.0338574926788717,0
2020-08-01,55,100,0.024007134276510442,0
2020-08-01,60,100,0.06786603743927883,0
2020-08-01,10,150,0.15984147150068298,0
2020-08-01,15,150,0.1323939510823558,0
2020-08-01,20,150,0.08397641803055636,0
2020-08-01,25,150,0.039455829935741225,0
2020-08-01,30,150,0.019414227106520195,0
2020-08-01,35,150,0.03884072948765602,0
2020-08-01,40,150,0.06452256256703591,0
2020-08-01,45,150,0.05098169880937705,0
2020-08-01,50,150,0.002163652266208345,0
2020-08-01,55,150,-0.0030624296944151597,0
2020-08-01,60,150,0.028339458978617584,0
2020-08-01,10,200,0.15251833621067645,0
2020-08-01,15,200,0.1214945352117045,0
2020-08-01,20,200,0.07301198429931881,0
2020-08-01,25,200,0.029413086691771728,0
2020-08-01,30,200,0.01053556077950939,0
2020-08-01,35,200,0.02986126732779652,0
2020-08-01,40,200,0.055572178344660834,0
2020-08-01,45,200,0.043988476429110135,0
2020-08-01,50,200,-0.0033626331216327996,0
2020-08-01,55,200,-0.008453292415483055,0
2020-08-01,60,200,0.022165128305831283,0
2020-09-01,10,100,0.17820063586630955,1
2020-09-01,15,100,0.16982644172702385,0
2020-09-01,20,100,0.14430309849859255,0
2020-09-01,25,100,0.13724656173058017,0
2020-09-01,30,100,0.0793358126606752,0
2020-09-01,35,100,0.07707370087928511,0
2020-09-01,40,100,0.05970879550065281,0
2020-09-01,45,100,-0.0032862370897377238,0
2020-09-01,50,100,0.013435088828531398,0
2020-09-01,55,100,0.04031705813440128,0
2020-09-01,60,100,0.07563264667581332,0
2020-09-01,10,150,0.17456591192421433,0
2020-09-01,15,150,0.15567423173989975,0
2020-09-01,20,150,0.1260038370018388,0
2020-09-01,25,150,0.12294006116721976,0
2020-09-01,30,150,0.059406817960439486,0
2020-09-01,35,150,0.043709829036737695,0
2020-09-01,40,150,0.020809030577866348,0
2020-09-01,45,150,-0.04104233233784462,0
2020-09-01,50,150,-0.031536587630165584,0
2020-09-01,55,150,-0.007202269035392324,0
2020-09-01,60,150,0.02035784839707496,0
2020-09-01,10,200,0.16212663266112334,0
2020-09-01,15,200,0.13392356786405815,0
2020-09-01,20,200,0.09332609571249743,0
2020-09-01,25,200,0.08642563329687604,0
2020-09-01,30,200,0.01843679086688884,0
2020-09-01,35,200,0.005690885577075054,0
2020-09-01,40,200,-0.021033075185377337,0
2020-09-01,45,200,-0.0826391679283944,0
2020-09-01,50,200,-0.07141962185303623,0
2020-09-01,55,200,-0.041694246313454815,0
2020-09-01,60,200,-0.014193994215651304,0
2020-10-01,10,100,0.14404239540051383,0
2020-10-01,15,100,0.1626381943719147,0
2020-10-01,20,100,0.1536284798136158,0
2020-10-01,25,100,0.16184846087767873,0
2020-10-01,30,100,0.11802929864321676,0
2020-10-01,35,100,0.1555064719554804,0
2020-10-01,40,100,0.1609955050686615,0
2020-10-01,45,100,0.16521233999856952,1
2020-10-01,50,100,0.1269570450826835,0
2020-10-01,55,100,0.129706235876063,0
2020-10-01,60,100,0.15158835629779932,0
2020-10-01,10,150,0.13380502219040757,0
2020-10-01,15,150,0.14294469472696858,0
2020-10-01,20,150,0.14291198542866076,0
2020-10-01,25,150,0.15728270604374872,0
2020-10-01,30,150,0.1143673180529642,0
2020-10-01,35,150,0.1562091468182064,0
2020-10-01,40,150,0.16226777843566556,0
2020-10-01,45,150,0.16461327588465227,0
2020-10-01,50,150,0.12160132653816343,0
2020-10-01,55,150,0.11868600541807227,0
2020-10-01,60,150,0.1300471799606852,0
2020-10-01,10,200,0.11118718602876555,0
2020-10-01,15,200,0.11083213739405545,0
2020-10-01,20,200,0.09589621515524513,0
2020-10-01,25,200,0.11541172363654142,0
2020-10-01,30,200,0.06641239158408317,0
2020-10-01,35,200,0.10377230469077993,0
2020-10-01,40,200,0.11051137338458761,0
2020-10-01,45,200,0.12561944181716939,0
2020-10-01,50,200,0.07850151200589556,0
2020-10-01,55,200,0.06808957166671302,0
2020-10-01,60,200,0.067189335141383,0
2020-11-01,10,100,0.12730297505406016,0
2020-11-01,15,100,0.1009326592871244,0
2020-11-01,20,100,0.06666484694802038,0
2020-11-01,25,100,0.09168195310678516,0
2020-11-01,30,100,-0.031246941199051,0
2020-11-01,35,100,0.04981090124266858,0
2020-11-01,40,100,0.05009238777926818,0
2020-11-01,45,100,0.13658833542978702,0
2020-11-01,50,100,0.006452133903211499,0
2020-11-01,55,100,-0.04076140135622742,0
2020-11-01,60,100,-0.0330808997546365,0
2020-11-01,10,150,0.13029165561223444,0
2020-11-01,15,150,0.09822604603016898,0
2020-11-01,20,150,0.0669005562741394,0
2020-11-01,25,150,0.0978295258271666,0
2020-11-01,30,150,-0.020475191237728684,0
2020-11-01,35,150,0.06183891623198772,0
2020-11-01,40,150,0.05806699399586295,0
2020-11-01,45,150,0.13750569676810015,1
2020-11-01,50,150,-0.0017407101992078483,0
2020-11-01,55,150,-0.04716567284744907,0
2020-11-01,60,150,-0.03643916588331915,0
2020-11-01,10,200,0.12751056148982945,0
2020-11-01,15,200,0.09747154119130867,0
2020-11-01,20,200,0.0669566117137242,0
2020-11-01,25,200,0.09703447699266428,0
2020-11-01,30,200,-0.02001674977349781,0
2020-11-01,35,200,0.06135447212064934,0
2020-11-01,40,200,0.058815007296475326,0
2020-11-01,45,200,0.13566465562301924,0
2020-11-01,50,200,-0.004008802315985032,0
2020-11-01,55,200,-0.04819094638900494,0
2020-11-01,60,200,-0.03694315452384128,0
2020-12-01,10,100,0.06744775519310003,0
2020-12-01,15,100,-0.08203856016421555,0
2020-12-01,20,100,0.04239661409411123,0
2020-12-01,25,100,0.2544225343379032,0
2020-12-01,30,100,0.1938818560290576,0
2020-12-01,35,100,0.2601182259351364,0
2020-12-01,40,100,0.21500457914986246,0
2020-12-01,45,100,0.2763636334622569,1
2020-12-01,50,100,0.017360917289504292,0
2020-12-01,55,100,-0.10248077136006284,0
2020-12-01,60,100,-0.1080330394451375,0
2020-12-01,10,150,0.08091533300354606,0
2020-12-01,15,150,-0.07576544012069747,0
2020-12-01,20,150,0.05456924845894448,0
2020-12-01,25,150,0.2677171446559495,0
2020-12-01,30,150,0.19883555880877044,0
2020-12-01,35,150,0.2607332897034871,0
2020-12-01,40,150,0.20680624670375786,0
2020-12-01,45,150,0.2649510772986782,0
2020-12-01,50,150,0.015156126220620942,0
2020-12-01,55,150,-0.09030758806508755,0
2020-12-01,60,150,-0.09713508516407522,0
2020-12-01,10,200,0.08178087687992847,0
2020-12-01,15,200,-0.06905945245887672,0
2020-12-01,20,200,0.061190899348744957,0
2020-12-01,25,200,0.2758628636153426,0
2020-12-01,30,200,0.20344668480376127,0
2020-12-01,35,200,0.26086050749524897,0
2020-12-01,40,200,0.20660612501430012,0
2020-12-01,45,200,0.2607006340587655,0
2020-12-01,50,200,0.0055576415056293625,0
2020-12-01,55,200,-0.10221089979713609,0
2020-12-01,60,200,-0.10963273878957926,0
2021-01-01,10,100,0.09008818566738687,0
2021-01-01,15,100,-0.08084190447826038,0
2021-01-01,20,100,-0.12192095262864985,0
2021-01-01,25,100,-0.0721419208721713,0
2021-01-01,30,100,-0.04573746664951891,0
2021-01-01,35,100,0.020416338201994743,0
2021-01-01,40,100,0.09132556830353082,1
2021-01-01,45,100,-0.02216578439311475,0
2021-01-01,50,100,-0.1878074189909422,0
2021-01-01,55,100,-0.07095986246915044,0
2021-01-01,60,100,0.03634450842243221,0
2021-01-01,10,150,0.08152449248408819,0
2021-01-01,15,150,-0.08656107877559735,0
2021-01-01,20,150,-0.12052004744862656,0
2021-01-01,25,150,-0.07108301603528691,0
2021-01-01,30,150,-0.06629035358641429,0
2021-01-01,35,150,-0.04209012124189714,0
2021-01-01,40,150,0.005151345900066629,0
2021-01-01,45,150,-0.0963318430302302,0
2021-01-01,50,150,-0.2431306332083333,0
2021-01-01,55,150,-0.09927107424391997,0
2021-01-01,60,150,0.017191106273083,0
2021-01-01,10,200,0.08632822350373749,0
2021-01-01,15,200,-0.0852641696267049,0
2021-01-01,20,200,-0.12175029297260503,0
2021-01-01,25,200,-0.07955397788433773,0
2021-01-01,30,200,-0.07700813570253569,0
2021-01-01,35,200,-0.045110811303910966,0
2021-01-01,40,200,0.026614868406268487,0
2021-01-01,45,200,-0.09589196826324657,0
2021-01-01,50,200,-0.2403193747541615,0
2021-01-01,55,200,-0.09592841168912701,0
2021-01-01,60,200,0.01966837449425481,0
2021-02-01,10,100,0.15145473286776254,1
2021-02-01,15,100,0.11795249825323777,0
2021-02-01,20,100,-0.03459129606248215,0
2021-02-01,25,100,-0.09856266976635027,0
2021-02-01,30,100,-0.11397217682221031,0
2021-02-01,35,100,-0.051313660585755386,0
2021-02-01,40,100,-0.037272878198003366,0
2021-02-01,45,100,-0.05976279949203378,0
2021-02-01,50,100,-0.12154850058365414,0
2021-02-01,55,100,-0.142391955009888,0
2021-02-01,60,100,-0.1544440025363293,0
2021-02-01,10,150,0.1304216396169991,0
2021-02-01,15,150,0.08157203882967289,0
2021-02-01,20,150,-0.056497756963853424,0
2021-02-01,25,150,-0.12020895229562237,0
2021-02-01,30,150,-0.13815169376559425,0
2021-02-01,35,150,-0.07310960491460776,0
2021-02-01,40,150,-0.05059985559300002,0
2021-02-01,45,150,-0.07161490480650712,0
2021-02-01,50,150,-0.143549014024812,0
2021-02-01,55,150,-0.17314253754954959,0
2021-02-01,60,150,-0.19102146770953907,0
2021-02-01,10,200,0.12525568556286037,0
2021-02-01,15,200,0.08233356200102952,0
2021-02-01,20,200,-0.06179424038391765,0
2021-02-01,25,200,-0.12708568308008975,0
2021-02-01,30,200,-0.1437143662313804,0
2021-02-01,35,200,-0.076082524650744,0
2021-02-01,40,200,-0.052654514327196256,0
2021-02-01,45,200,-0.07307200091090504,0
2021-02-01,50,200,-0.1433645921464306,0
2021-02-01,55,200,-0.1708441236085626,0
2021-02-01,60,200,-0.1859908941742258,0
2021-03-01,10,100,-0.1324350266743242,0
2021-03-01,15,100,-0.06514778267265472,0
2021-03-01,20,100,-0.22411410337716708,0
2021-03-01,25,100,-0.24781081810968794,0
2021-03-01,30,100,-0.05597852783948765,0
2021-03-01,35,100,-0.0036458298398559974,1
2021-03-01,40,100,-0.016316684506242806,0
2021-03-01,45,100,-0.06275288502950288,0
2021-03-01,50,100,-0.10820421782441814,0
2021-03-01,55,100,-0.10868240848885767,0
2021-03-01,60,100,-0.11458566326929427,0
2021-03-01,10,150,-0.1590300713735412,0
2021-03-01,15,150,-0.09059927833748406,0
2021-03-01,20,150,-0.23662235934361123,0
2021-03-01,25,150,-0.2657687366703667,0
2021-03-01,30,150,-0.10356957899980422,0
2021-03-01,35,150,-0.04107531647392552,0
2021-03-01,40,150,-0.029447737960314982,0
2021-03-01,45,150,-0.08366391450416379,0
2021-03-01,50,150,-0.1502543855977283,0
2021-03-01,55,150,-0.15971870363653995,0
2021-03-01,60,150,-0.16345387187606558,0
2021-03-01,10,200,-0.13065339857147845,0
2021-03-01,15,200,-0.079092778862132,0
2021-03-01,20,200,-0.22912819445412705,0
2021-03-01,25,200,-0.25617991890064334,0
2021-03-01,30,200,-0.09275422247692154,0
2021-03-01,35,200,-0.02775197504786444,0
2021-03-01,40,200,-0.016168812512275615,0
2021-03-01,45,200,-0.06883522207605003,0
2021-03-01,50,200,-0.1346850866379713,0
2021-03-01,55,200,-0.14414846977844156,0
2021-03-01,60,200,-0.1475600398564019,0
2021-04-01,10,100,-0.07814193132522008,0
2021-04-01,15,100,-0.030847333403503967,0
2021-04-01,20,100,-0.11846351724804464,0
2021-04-01,25,100,-0.10863711711198805,0
2021-04-01,30,100,0.05614480666047589,0
2021-04-01,35,100,0.08163366705543976,1
2021-04-01,40,100,0.06428616111336469,0
2021-04-01,45,100,-0.019099442568052585,0
2021-04-01,50,100,-0.048939911836965264,0
2021-04-01,55,100,-0.08272552745455874,0
2021-04-01,60,100,-0.11565632441395915,0
2021-04-01,10,150,-0.0957617892431475,0
2021-04-01,15,150,-0.05567897775662349,0
2021-04-01,20,150,-0.1434069938188583,0
2021-04-01,25,150,-0.1329597015222803,0
2021-04-01,30,150,0.03132404818631695,0
2021-04-01,35,150,0.07699327037289755,0
2021-04-01,40,150,0.06632661052154548,0
2021-04-01,45,150,-0.014095234560675973,0
2021-04-01,50,150,-0.07746553622944514,0
2021-04-01,55,150,-0.13997338989766783,0
2021-04-01,60,150,-0.2081372555806378,0
2021-04-01,10,200,-0.07390319672788963,0
2021-04-01,15,200,-0.03730314193153905,0
2021-04-01,20,200,-0.12224803844723871,0
2021-04-01,25,200,-0.10325226021424543,0
2021-04-01,30,200,0.04581299524697635,0
2021-04-01,35,200,0.08093327395823191,0
2021-04-01,40,200,0.06916573430432506,0
2021-04-01,45,200,0.0022133831227390847,0
2021-04-01,50,200,-0.05203695564305092,0
2021-04-01,55,200,-0.09959501472011559,0
2021-04-01,60,200,-0.1473118912281515,0
2021-05-01,10,100,-0.19963734880933987,0
2021-05-01,15,100,-0.23188355263368807,0
2021-05-01,20,100,-0.16026971931450826,0
2021-05-01,25,100,-0.24531894362326298,0
2021-05-01,30,100,-0.03065307041110417,0
2021-05-01,35,100,-0.022113029490151405,0
2021-05-01,40,100,0.03246632069993513,0
2021-05-01,45,100,-0.07940515738758826,0
2021-05-01,50,100,-0.07952414767802836,0
2021-05-01,55,100,-0.11550601970003556,0
2021-05-01,60,100,-0.10664811131472357,0
2021-05-01,10,150,-0.20227830442460537,0
2021-05-01,15,150,-0.22294492024328808,0
2021-05-01,20,150,-0.13866965786411625,0
2021-05-01,25,150,-0.20903168777104775,0
2021-05-01,30,150,-0.045368090305927956,0
2021-05-01,35,150,-0.028850322581960408,0
2021-05-01,40,150,0.050647135239584126,1
2021-05-01,45,150,-0.05630401604751763,0
2021-05-01,50,150,-0.07004106659362073,0
2021-05-01,55,150,-0.14525892505222046,0
2021-05-01,60,150,-0.16349301327284593,0
2021-05-01,10,200,-0.1969463632574176,0
2021-05-01,15,200,-0.2335675808688022,0
2021-05-01,20,200,-0.15702856362253068,0
2021-05-01,25,200,-0.22609051698347146,0
2021-05-01,30,200,-0.03553350269235582,0
2021-05-01,35,200,-0.02578463431907704,0
2021-05-01,40,200,0.032880467110163764,0
2021-05-01,45,200,-0.06958513361650615,0
2021-05-01,50,200,-0.08129989713261714,0
2021-05-01,55,200,-0.12638364317663442,0
2021-05-01,60,200,-0.12496881876068174,0
2021-06-01,10,100,0.024736097535690955,1
2021-06-01,15,100,-0.11921932025372775,0
2021-06-01,20,100,-0.006635813256899623,0
2021-06-01,25,100,-0.17136613186628205,0
2021-06-01,30,100,-0.09206278771535212,0
2021-06-01,35,100,-0.08816568910846473,0
2021-06-01,40,100,-0.08771082936552568,0
2021-06-01,45,100,-0.2341190212347959,0
2021-06-01,50,100,-0.18538475934944162,0
2021-06-01,55,100,-0.14873006230719787,0
2021-06-01,60,100,-0.128041650137144,0
2021-06-01,10,150,-0.007273576960926549,0
2021-06-01,15,150,-0.13680611731317807,0
2021-06-01,20,150,-0.03459205186876511,0
2021-06-01,25,150,-0.17567929072065946,0
2021-06-01,30,150,-0.10444278473941261,0
2021-06-01,35,150,-0.0965671202173341,0
2021-06-01,40,150,-0.10280307516260827,0
2021-06-01,45,150,-0.21074568831206808,0
2021-06-01,50,150,-0.1535254722387276,0
2021-06-01,55,150,-0.10561876711935436,0
2021-06-01,60,150,-0.10485149747743527,0
2021-06-01,10,200,-0.009734950283069817,0
2021-06-01,15,200,-0.14013520186463763,0
2021-06-01,20,200,-0.028588070319980858,0
2021-06-01,25,200,-0.18161112088133988,0
2021-06-01,30,200,-0.11159329925052372,0
2021-06-01,35,200,-0.11054565676329199,0
2021-06-01,40,200,-0.1137410132326622,0
2021-06-01,45,200,-0.2351393144564721,0
2021-06-01,50,200,-0.18759459666120648,0
2021-06-01,55,200,-0.15160963352101373,0
2021-06-01,60,200,-0.1574230161702548,0
2021-07-01,10,100,0.23488481443737888,0
2021-07-01,15,100,0.19849976064095173,0
2021-07-01,20,100,0.1980734477906268,0
2021-07-01,25,100,-0.09308442424336942,0
2021-07-01,30,100,-0.048052703732085006,0
2021-07-01,35,100,-0.08428072970782949,0
2021-07-01,40,100,-0.05839017449972921,0
2021-07-01,45,100,-0.15756068519114494,0
2021-07-01,50,100,-0.06687874797715374,0
2021-07-01,55,100,0.05695003347422799,0
2021-07-01,60,100,0.1385993806498626,0
2021-07-01,10,150,0.24309833794594193,0
2021-07-01,15,150,0.19395813987048302,0
2021-07-01,20,150,0.17817630002718138,0
2021-07-01,25,150,-0.11870038359613476,0
2021-07-01,30,150,-0.060313999846086555,0
2021-07-01,35,150,-0.08581110450828208,0
2021-07-01,40,150,-0.08056491618462383,0
2021-07-01,45,150,-0.16859172029088437,0
2021-07-01,50,150,-0.0620922995051117,0
2021-07-01,55,150,0.06914313502407937,0
2021-07-01,60,150,0.12136264181427917,0
2021-07-01,10,200,0.257391335225337,1
2021-07-01,15,200,0.21821044559671707,0
2021-07-01,20,200,0.20052887430603036,0
2021-07-01,25,200,-0.11506568735606262,0
2021-07-01,30,200,-0.07106952656634974,0
2021-07-01,35,200,-0.1074878467254194,0
2021-07-01,40,200,-0.08381221330147437,0
2021-07-01,45,200,-0.16493355979767443,0
2021-07-01,50,200,-0.06843238569767743,0
2021-07-01,55,200,0.07492933178214412,0
2021-07-01,60,200,0.1408916859153998,0
2021-08-01,10,100,0.2895633999458678,0
2021-08-01,15,100,0.2820641252147428,0
2021-08-01,20,100,0.17263243780363866,0
2021-08-01,25,100,0.08033089620697569,0
2021-08-01,30,100,0.06302277183672515,0
2021-08-01,35,100,-0.08203070559896017,0
2021-08-01,40,100,-0.17834405513070517,0
2021-08-01,45,100,-0.2632171856326141,0
2021-08-01,50,100,-0.05812701872675563,0
2021-08-01,55,100,0.09084072508955648,0
2021-08-01,60,100,0.1688111355118017,0
2021-08-01,10,150,0.2932756888706276,0
2021-08-01,15,150,0.2668894040447526,0
2021-08-01,20,150,0.15417904778365582,0
2021-08-01,25,150,0.05476882181473447,0
2021-08-01,30,150,0.05561022067643447,0
2021-08-01,35,150,-0.08111130355864118,0
2021-08-01,40,150,-0.1758311890270938,0
2021-08-01,45,150,-0.23450223057981037,0
2021-08-01,50,150,-0.0009436089210465827,0
2021-08-01,55,150,0.153376744315722,0
2021-08-01,60,150,0.20351119657739056,0
2021-08-01,10,200,0.30611618604309854,1
2021-08-01,15,200,0.2855943056587507,0
2021-08-01,20,200,0.1847462359146585,0
2021-08-01,25,200,0.10473910309994695,0
2021-08-01,30,200,0.11725230924356368,0
2021-08-01,35,200,-0.006286909182635645,0
2021-08-01,40,200,-0.11038341219634772,0
2021-08-01,45,200,-0.16698336053226473,0
2021-08-01,50,200,0.02109823196801565,0
2021-08-01,55,200,0.14465972838391924,0
2021-08-01,60,200,0.19597152967317996,0
2021-09-01,10,100,0.2667360838938003,1
2021-09-01,15,100,0.26459560601302706,0
2021-09-01,20,100,0.1302400783506488,0
2021-09-01,25,100,0.07972636566687709,0
2021-09-01,30,100,0.08431903434752898,0
2021-09-01,35,100,-0.045721393073085065,0
2021-09-01,40,100,-0.10664691731961815,0
2021-09-01,45,100,-0.12093244961357723,0
2021-09-01,50,100,-0.03006626284605122,0
2021-09-01,55,100,-0.030528226896140515,0
2021-09-01,60,100,-0.007642864252330313,0
2021-09-01,10,150,0.2500885320130627,0
2021-09-01,15,150,0.23526426786223525,0
2021-09-01,20,150,0.1095576482867902,0
2021-09-01,25,150,0.06018121742359453,0
2021-09-01,30,150,0.06389983805662698,0
2021-09-01,35,150,-0.05148014782550683,0
2021-09-01,40,150,-0.09846166191874756,0
2021-09-01,45,150,-0.10884936607768195,0
2021-09-01,50,150,-0.03607079119358257,0
2021-09-01,55,150,-0.0675597094515582,0
2021-09-01,60,150,-0.10204308412351044,0
2021-09-01,10,200,0.24148111213196485,0
2021-09-01,15,200,0.22336313145787826,0
2021-09-01,20,200,0.09820753790052546,0
2021-09-01,25,200,0.04638361251047362,0
2021-09-01,30,200,0.04844238852193696,0
2021-09-01,35,200,-0.04747289337134647,0
2021-09-01,40,200,-0.08487092537091193,0
2021-09-01,45,200,-0.08585910712914588,0
2021-09-01,50,200,-0.03639964005794602,0
2021-09-01,55,200,-0.06562625101457786,0
2021-09-01,60,200,-0.08901521551804047,0
2021-10-01,10,100,0.12375286428297393,0
2021-10-01,15,100,0.1252201165096526,1
2021-10-01,20,100,0.08759532814592441,0
2021-10-01,25,100,0.04064891132018108,0
2021-10-01,30,100,0.030804361506884446,0
2021-10-01,35,100,-0.03245693307411163,0
2021-10-01,40,100,-0.0905336859070442,0
2021-10-01,45,100,-0.12222557008406067,0
2021-10-01,50,100,-0.029224117475790196,0
2021-10-01,55,100,-0.07382543785660901,0
2021-10-01,60,100,-0.034310617619155166,0
2021-10-01,10,150,0.12147121620981509,0
2021-10-01,15,150,0.1107210490167851,0
2021-10-01,20,150,0.0682723096238913,0
2021-10-01,25,150,0.01790280819938007,0
2021-10-01,30,150,0.017892707151530105,0
2021-10-01,35,150,-0.048631973335324936,0
2021-10-01,40,150,-0.1018604114134886,0
2021-10-01,45,150,-0.12651699098142913,0
2021-10-01,50,150,-0.050438255645735106,0
2021-10-01,55,150,-0.10290911667871576,0
2021-10-01,60,150,-0.0740295770365659,0
2021-10-01,10,200,0.12041058798628507,0
2021-10-01,15,200,0.11183979863923103,0
2021-10-01,20,200,0.06403279168095413,0
2021-10-01,25,200,0.014733708970762862,0
2021-10-01,30,200,0.012435562980401734,0
2021-10-01,35,200,-0.061395009183534466,0
2021-10-01,40,200,-0.11486102990076501,0
2021-10-01,45,200,-0.13017105741410753,0
2021-10-01,50,200,-0.07988331251200369,0
2021-10-01,55,200,-0.14023291431624063,0
2021-10-01,60,200,-0.14534060176736863,0
2021-11-01,10,100,-0.08608700396807692,0
2021-11-01,15,100,-0.02758993444207376,0
2021-11-01,20,100,0.03477683737958398,0
2021-11-01,25,100,0.03386945441483084,0
2021-11-01,30,100,-0.016925071294997856,0
2021-11-01,35,100,0.04022094372314492,0
2021-11-01,40,100,0.09645743018113279,1
2021-11-01,45,100,0.07995826598551178,0
2021-11-01,50,100,0.060353909498605356,0
2021-11-01,55,100,0.0432534589477662,0
2021-11-01,60,100,0.05962553270065744,0
2021-11-01,10,150,-0.07453693459147903,0
2021-11-01,15,150,-0.022222132779731875,0
2021-11-01,20,150,0.0331137656389746,0
2021-11-01,25,150,0.033772396093097554,0
2021-11-01,30,150,-0.004395605422229965,0
2021-11-01,35,150,0.03300575620020611,0
2021-11-01,40,150,0.079635083538129,0
2021-11-01,45,150,0.07728606383194882,0
2021-11-01,50,150,0.06893315265917002,0
2021-11-01,55,150,0.048517685321944753,0
2021-11-01,60,150,0.039919078022043274,0
2021-11-01,10,200,-0.07279512378630729,0
2021-11-01,15,200,-0.01868570309661952,0
2021-11-01,20,200,0.03568517765200738,0
2021-11-01,25,200,0.03805956089630133,0
2021-11-01,30,200,-0.0017801559957243303,0
2021-11-01,35,200,0.03175400038804681,0
2021-11-01,40,200,0.0805276552428352,0
2021-11-01,45,200,0.0819038846388469,0
2021-11-01,50,200,0.08073304975277674,0
2021-11-01,55,200,0.057461690295282815,0
2021-11-01,60,200,0.06369334488860931,0
2021-12-01,10,100,-0.1273006684643232,0
2021-12-01,15,100,-0.012231692514719514,0
2021-12-01,20,100,0.06454398140057335,0
2021-12-01,25,100,0.016289573853294735,0
2021-12-01,30,100,-0.10516478588428735,0
2021-12-01,35,100,0.009445025681634382,0
2021-12-01,40,100,0.09736231203020973,0
2021-12-01,45,100,0.07269423083010262,0
2021-12-01,50,100,-0.014356993292507537,0
2021-12-01,55,100,-0.03724905890223517,0
2021-12-01,60,100,0.1338792825666376,1
2021-12-01,10,150,-0.12250078620738485,0
2021-12-01,15,150,0.0038736037865926476,0
2021-12-01,20,150,0.06683013363641377,0
2021-12-01,25,150,0.019958934316759026,0
2021-12-01,30,150,-0.08597457857515729,0
2021-12-01,35,150,5.679536358119968e-05,0
2021-12-01,40,150,0.07683299688909578,0
2021-12-01,45,150,0.05642350070787284,0
2021-12-01,50,150,-0.01680640635535789,0
2021-12-01,55,150,-0.04576363873355695,0
2021-12-01,60,150,0.0792033378782458,0
2021-12-01,10,200,-0.10542959587097651,0
2021-12-01,15,200,0.012951585178104677,0
2021-12-01,20,200,0.06948876435727616,0
2021-12-01,25,200,0.01954940739241315,0
2021-12-01,30,200,-0.09504257210774637,0
2021-12-01,35,200,-0.003711666216401685,0
2021-12-01,40,200,0.07490948854410268,0
2021-12-01,45,200,0.05305103675612576,0
2021-12-01,50,200,-0.011518433430411784,0
2021-12-01,55,200,-0.04382232014080866,0
2021-12-01,60,200,0.07172409250448229,0
2022-01-01,10,100,-0.029407943036891777,0
2022-01-01,15,100,-0.04081904066080648,0
2022-01-01,20,100,-0.12488662509866555,0
2022-01-01,25,100,-0.1961730780450115,0
2022-01-01,30,100,-0.23853724271903967,0
2022-01-01,35,100,-0.12229472571536598,0
2022-01-01,40,100,-0.11054394583273136,0
2022-01-01,45,100,-0.07975541569917613,0
2022-01-01,50,100,-0.11997501584694435,0
2022-01-01,55,100,-0.04326324669736357,0
2022-01-01,60,100,0.05267822604271351,1
2022-01-01,10,150,-0.04481526228252509,0
2022-01-01,15,150,-0.04893606889670233,0
2022-01-01,20,150,-0.1282254006880002,0
2022-01-01,25,150,-0.19118527048392073,0
2022-01-01,30,150,-0.2266323703838344,0
2022-01-01,35,150,-0.11320643250651038,0
2022-01-01,40,150,-0.11129281466105362,0
2022-01-01,45,150,-0.08326820522351304,0
2022-01-01,50,150,-0.09765546978895459,0
2022-01-01,55,150,-0.030824277523897176,0
2022-01-01,60,150,0.039600227340440955,0
2022-01-01,10,200,-0.04760488494956514,0
2022-01-01,15,200,-0.05338945571471462,0
2022-01-01,20,200,-0.13173867021278315,0
2022-01-01,25,200,-0.18122667898895234,0
2022-01-01,30,200,-0.20123284304895003,0
2022-01-01,35,200,-0.10085926660734346,0
2022-01-01,40,200,-0.09343684665464592,0
2022-01-01,45,200,-0.06097029544845596,0
2022-01-01,50,200,-0.08692098297252067,0
2022-01-01,55,200,-0.02241476659783332,0
2022-01-01,60,200,0.04623835480227299,0
2022-02-01,10,100,0.008680014242480613,1
2022-02-01,15,100,-0.023680500459614288,0
2022-02-01,20,100,-0.12377945046343264,0
2022-02-01,25,100,-0.18772910538271217,0
2022-02-01,30,100,-0.22829860770523733,0
2022-02-01,35,100,-0.15303135108761529,0
2022-02-01,40,100,-0.15045314890306533,0
2022-02-01,45,100,-0.1335069544837313,0
2022-02-01,50,100,-0.19199265247192712,0
2022-02-01,55,100,-0.11620858655404707,0
2022-02-01,60,100,-0.036126520372595484,0
2022-02-01,10,150,-0.02410040746115686,0
2022-02-01,15,150,-0.050503459597320964,0
2022-02-01,20,150,-0.14458365531966222,0
2022-02-01,25,150,-0.20593031432228498,0
2022-02-01,30,150,-0.24749864091368395,0
2022-02-01,35,150,-0.18119797592777778,0
2022-02-01,40,150,-0.18660453870434437,0
2022-02-01,45,150,-0.17433104812584962,0
2022-02-01,50,150,-0.2175419239049636,0
2022-02-01,55,150,-0.162346169770261,0
2022-02-01,60,150,-0.10728125528766125,0
2022-02-01,10,200,-0.042269949092840875,0
2022-02-01,15,200,-0.07070954771670185,0
2022-02-01,20,200,-0.1635671085992121,0
2022-02-01,25,200,-0.21214760446968123,0
2022-02-01,30,200,-0.24503579722136198,0
2022-02-01,35,200,-0.19225907773804535,0
2022-02-01,40,200,-0.19193752516231655,0
2022-02-01,45,200,-0.1741405152891822,0
2022-02-01,50,200,-0.22326619778750112,0
2022-02-01,55,200,-0.16182656095374062,0
2022-02-01,60,200,-0.0966416645403369,0
2022-03-01,10,100,0.053533751996363184,1
2022-03-01,15,100,-0.06510598397568815,0
2022-03-01,20,100,-0.20412062887735208,0
2022-03-01,25,100,-0.22417881611776966,0
2022-03-01,30,100,-0.2667688430111474,0
2022-03-01,35,100,-0.21334875210254875,0
2022-03-01,40,100,-0.23307187534653856,0
2022-03-01,45,100,-0.2280513674983199,0
2022-03-01,50,100,-0.26092371738811243,0
2022-03-01,55,100,-0.1923527744436422,0
2022-03-01,60,100,-0.0791266012326025,0
2022-03-01,10,150,0.02871133566419341,0
2022-03-01,15,150,-0.09704130850112742,0
2022-03-01,20,150,-0.23684661546585006,0
2022-03-01,25,150,-0.24981509501689977,0
2022-03-01,30,150,-0.3039356825990642,0
2022-03-01,35,150,-0.2670788308293157,0
2022-03-01,40,150,-0.29654268351979185,0
2022-03-01,45,150,-0.28708832338170387,0
2022-03-01,50,150,-0.3105910233295464,0
2022-03-01,55,150,-0.27884247126631,0
2022-03-01,60,150,-0.20998828314986362,0
2022-03-01,10,200,0.004871208840578194,0
2022-03-01,15,200,-0.12106797719192987,0
2022-03-01,20,200,-0.260800209872257,0
2022-03-01,25,200,-0.26148986441239785,0
2022-03-01,30,200,-0.3105635794518487,0
2022-03-01,35,200,-0.28665157683424325,0
2022-03-01,40,200,-0.3056703476398297,0
2022-03-01,45,200,-0.2842183002977599,0
2022-03-01,50,200,-0.3087081292322499,0
2022-03-01,55,200,-0.2767462873954223,0
2022-03-01,60,200,-0.19364868792891674,0
2022-04-01,10,100,0.030724514941755977,0
2022-04-01,15,100,-0.005927331002971332,0
2022-04-01,20,100,0.04519431521030593,1
2022-04-01,25,100,-0.08234221113068659,0
2022-04-01,30,100,-0.14618607332003736,0
2022-04-01,35,100,-0.1428078021555715,0
2022-04-01,40,100,-0.13708018833714508,0
2022-04-01,45,100,-0.13445630402747932,0
2022-04-01,50,100,-0.1535371486544813,0
2022-04-01,55,100,-0.15666238463632637,0
2022-04-01,60,100,-0.17412969206089876,0
2022-04-01,10,150,0.028484693683997333,0
2022-04-01,15,150,-0.008258699415845835,0
2022-04-01,20,150,0.04075069995836796,0
2022-04-01,25,150,-0.09341177046116744,0
2022-04-01,30,150,-0.16470707888526587,0
2022-04-01,35,150,-0.164307848040789,0
2022-04-01,40,150,-0.16062539153956593,0
2022-04-01,45,150,-0.16214676809456327,0
2022-04-01,50,150,-0.18811054819666956,0
2022-04-01,55,150,-0.19494082422541986,0
2022-04-01,60,150,-0.21749990939349081,0
2022-04-01,10,200,0.029841835775285274,0
2022-04-01,15,200,-0.006480973070071081,0
2022-04-01,20,200,0.04050887424085413,0
2022-04-01,25,200,-0.0914987984627599,0
2022-04-01,30,200,-0.16606545798418146,0
2022-04-01,35,200,-0.17003454666672269,0
2022-04-01,40,200,-0.17747595396671137,0
2022-04-01,45,200,-0.19579926696406313,0
2022-04-01,50,200,-0.2268899724342694,0
2022-04-01,55,200,-0.23871618879371526,0
2022-04-01,60,200,-0.2594569190642982,0
2022-05-01,10,100,0.05262298468010436,0
2022-05-01,15,100,0.011187426808882605,0
2022-05-01,20,100,0.0804562140469176,1
2022-05-01,25,100,-0.010924649201531725,0
2022-05-01,30,100,-0.048779633106178694,0
2022-05-01,35,100,-0.12803360771479833,0
2022-05-01,40,100,-0.14028218783876545,0
2022-05-01,45,100,-0.11620216297640458,0
2022-05-01,50,100,-0.10958056653490168,0
2022-05-01,55,100,-0.1487989772239698,0
2022-05-01,60,100,-0.1756249455625622,0
2022-05-01,10,150,0.050882939617938217,0
2022-05-01,15,150,0.006607207036993754,0
2022-05-01,20,150,0.07224670650393882,0
2022-05-01,25,150,-0.01144995976136742,0
2022-05-01,30,150,-0.038252786077194546,0
2022-05-01,35,150,-0.1301074234521418,0
2022-05-01,40,150,-0.14788537211424269,0
2022-05-01,45,150,-0.12792753554110387,0
2022-05-01,50,150,-0.13723427024720314,0
2022-05-01,55,150,-0.17988822131336163,0
2022-05-01,60,150,-0.20692685972676794,0
2022-05-01,10,200,0.05789999924022179,0
2022-05-01,15,200,0.015010886109325779,0
2022-05-01,20,200,0.0781351046662214,0
2022-05-01,25,200,-0.007759196610067956,0
2022-05-01,30,200,-0.037967285343908114,0
2022-05-01,35,200,-0.13167502010692417,0
2022-05-01,40,200,-0.15514212052001042,0
2022-05-01,45,200,-0.14929453946818388,0
2022-05-01,50,200,-0.16986787515141266,0
2022-05-01,55,200,-0.2277177401693454,0
2022-05-01,60,200,-0.24838650656068895,0
2022-06-01,10,100,0.11445602023084228,1
2022-06-01,15,100,0.039203129169848645,0
2022-06-01,20,100,0.10855042001168619,0
2022-06-01,25,100,-0.023323627192453008,0
2022-06-01,30,100,-0.04183577962646775,0
2022-06-01,35,100,-0.13802355240757289,0
2022-06-01,40,100,-0.202562507606799,0
2022-06-01,45,100,-0.1907740857757593,0
2022-06-01,50,100,-0.21398215507309906,0
2022-06-01,55,100,-0.2190436699676983,0
2022-06-01,60,100,-0.26085640727418863,0
2022-06-01,10,150,0.1009610019733177,0
2022-06-01,15,150,0.023343337655024207,0
2022-06-01,20,150,0.09622823447753054,0
2022-06-01,25,150,-0.03369455888789964,0
2022-06-01,30,150,-0.04719721097771278,0
2022-06-01,35,150,-0.16022362239018284,0
2022-06-01,40,150,-0.22545763519210602,0
2022-06-01,45,150,-0.20473940023812576,0
2022-06-01,50,150,-0.23690071182098815,0
2022-06-01,55,150,-0.2510852276826572,0
2022-06-01,60,150,-0.27962708309224416,0
2022-06-01,10,200,0.1071860691386536,0
2022-06-01,15,200,0.037238885890583995,0
2022-06-01,20,200,0.1042092693105777,0
2022-06-01,25,200,-0.017070653955502894,0
2022-06-01,30,200,-0.026409413366620525,0
2022-06-01,35,200,-0.11773419406557128,0
2022-06-01,40,200,-0.17083147787042918,0
2022-06-01,45,200,-0.14918290382139981,0
2022-06-01,50,200,-0.17226706768519434,0
2022-06-01,55,200,-0.17479888069012492,0
2022-06-01,60,200,-0.19199938989366236,0
2022-07-01,10,100,0.08516794293707634,0
2022-07-01,15,100,0.11869699062574596,0
2022-07-01,20,100,0.1621880903771426,0
2022-07-01,25,100,0.1645657046828511,0
2022-07-01,30,100,0.22009164713772256,0
2022-07-01,35,100,0.16231494885049474,0
2022-07-01,40,100,0.1433579982508291,0
2022-07-01,45,100,0.1922127333417059,0
2022-07-01,50,100,0.16215369244246866,0
2022-07-01,55,100,0.12156538262013863,0
2022-07-01,60,100,0.09137788225236432,0
2022-07-01,10,150,0.08061483721759803,0
2022-07-01,15,150,0.1176483513212163,0
2022-07-01,20,150,0.16858515061107912,0
2022-07-01,25,150,0.17166750307809092,0
2022-07-01,30,150,0.23157403805002633,0
2022-07-01,35,150,0.15777495665507238,0
2022-07-01,40,150,0.13119190021015142,0
2022-07-01,45,150,0.20009291156102182,0
2022-07-01,50,150,0.12163407477376005,0
2022-07-01,55,150,0.059045855705136104,0
2022-07-01,60,150,0.030942664560186982,0
2022-07-01,10,200,0.075234622469693,0
2022-07-01,15,200,0.11399097373870627,0
2022-07-01,20,200,0.16749212686143455,0
2022-07-01,25,200,0.1710616485586628,0
2022-07-01,30,200,0.23205914867049854,0
2022-07-01,35,200,0.17345083086080393,0
2022-07-01,40,200,0.16421649714215117,0
2022-07-01,45,200,0.23555880775494634,1
2022-07-01,50,200,0.18670322406351147,0
2022-07-01,55,200,0.1419997383555984,0
2022-07-01,60,200,0.12914564022358072,0
2022-08-01,10,100,-0.06865453514061257,0
2022-08-01,15,100,-0.1050865828689848,0
2022-08-01,20,100,-0.009416572898158192,1
2022-08-01,25,100,-0.06762882332808456,0
2022-08-01,30,100,-0.08297509104044057,0
2022-08-01,35,100,-0.09850503794979514,0
2022-08-01,40,100,-0.16491093219938796,0
2022-08-01,45,100,-0.18949664427963475,0
2022-08-01,50,100,-0.20847726624628699,0
2022-08-01,55,100,-0.17955255597532332,0
2022-08-01,60,100,-0.17549283289575915,0
2022-08-01,10,150,-0.07329429541283113,0
2022-08-01,15,150,-0.11808633173648267,0
2022-08-01,20,150,-0.012042976386072199,0
2022-08-01,25,150,-0.0725375682125555,0
2022-08-01,30,150,-0.09578406078217623,0
2022-08-01,35,150,-0.11593873869159049,0
2022-08-01,40,150,-0.19625844259059846,0
2022-08-01,45,150,-0.2209475110690544,0
2022-08-01,50,150,-0.23901101291893811,0
2022-08-01,55,150,-0.21840500260432008,0
2022-08-01,60,150,-0.22668976076363992,0
2022-08-01,10,200,-0.08915482188809654,0
2022-08-01,15,200,-0.12963250719241107,0
2022-08-01,20,200,-0.015162435934724584,0
2022-08-01,25,200,-0.07484884643121553,0
2022-08-01,30,200,-0.09776351697867303,0
2022-08-01,35,200,-0.11419573229291312,0
2022-08-01,40,200,-0.18601193735887367,0
2022-08-01,45,200,-0.20267413018173738,0
2022-08-01,50,200,-0.21736709816350436,0
2022-08-01,55,200,-0.18960262039443362,0
2022-08-01,60,200,-0.18938274073886385,0
2022-09-01,10,100,0.02743988836681001,0
2022-09-01,15,100,0.01338101386611958,0
2022-09-01,20,100,0.05811957449090185,1
2022-09-01,25,100,0.0013839217191802923,0
2022-09-01,30,100,-0.04782963426272513,0
2022-09-01,35,100,-0.12199248087182757,0
2022-09-01,40,100,-0.24400433844105604,0
2022-09-01,45,100,-0.32489754312886593,0
2022-09-01,50,100,-0.30963593809697165,0
2022-09-01,55,100,-0.2800086631497391,0
2022-09-01,60,100,-0.2328755192124046,0
2022-09-01,10,150,0.019570757294822973,0
2022-09-01,15,150,-0.0032778044859447697,0
2022-09-01,20,150,0.051119396053095255,0
2022-09-01,25,150,-0.007866361199041058,0
2022-09-01,30,150,-0.06910865248199206,0
2022-09-01,35,150,-0.1558610974798854,0
2022-09-01,40,150,-0.2741728951157625,0
2022-09-01,45,150,-0.33684076740690494,0
2022-09-01,50,150,-0.3029776596695432,0
2022-09-01,55,150,-0.2748430282969319,0
2022-09-01,60,150,-0.21397004453523377,0
2022-09-01,10,200,0.00729784196210253,0
2022-09-01,15,200,-0.010892197820960365,0
2022-09-01,20,200,0.049190084580698804,0
2022-09-01,25,200,-0.008795133238995983,0
2022-09-01,30,200,-0.06540919717606851,0
2022-09-01,35,200,-0.1467037286143587,0
2022-09-01,40,200,-0.2738412615937933,0
2022-09-01,45,200,-0.34370416751597826,0
2022-09-01,50,200,-0.3035771434495439,0
2022-09-01,55,200,-0.26993565904674893,0
2022-09-01,60,200,-0.21478111314583076,0
2022-10-01,10,100,0.055697252365135064,0
2022-10-01,15,100,-0.041063981189974084,0
2022-10-01,20,100,-0.014497263771953364,0
2022-10-01,25,100,0.0023463414966394974,0
2022-10-01,30,100,0.03390042974885823,0
2022-10-01,35,100,0.045232084906469065,0
2022-10-01,40,100,0.057585868571423345,0
2022-10-01,45,100,0.014164790496139045,0
2022-10-01,50,100,0.039568278585087775,0
2022-10-01,55,100,0.04368284600112693,0
2022-10-01,60,100,0.10084213304374051,0
2022-10-01,10,150,0.0568217359867123,0
2022-10-01,15,150,-0.05380235851842085,0
2022-10-01,20,150,-0.020332418542122036,0
2022-10-01,25,150,-0.007256928660161937,0
2022-10-01,30,150,0.030935977087955875,0
2022-10-01,35,150,0.05722299750670034,0
2022-10-01,40,150,0.07499926159075732,0
2022-10-01,45,150,0.027549374946222036,0
2022-10-01,50,150,0.06800366925792005,0
2022-10-01,55,150,0.06510769333752418,0
2022-10-01,60,150,0.12413185486122563,1
2022-10-01,10,200,0.055940940264078795,0
2022-10-01,15,200,-0.05427560995416337,0
2022-10-01,20,200,-0.01745089374480833,0
2022-10-01,25,200,-0.004987601112913865,0
2022-10-01,30,200,0.025340848761299134,0
2022-10-01,35,200,0.05285428083112439,0
2022-10-01,40,200,0.06859875277691631,0
2022-10-01,45,200,0.026068815634402883,0
2022-10-01,50,200,0.06474887743582466,0
2022-10-01,55,200,0.04663648211373822,0
2022-10-01,60,200,0.057845139939533545,0
2022-11-01,10,100,0.13749946532468077,0
2022-11-01,15,100,0.11266517095489821,0
2022-11-01,20,100,0.0971734836640036,0
2022-11-01,25,100,0.0958132303739094,0
2022-11-01,30,100,0.14085146131894832,0
2022-11-01,35,100,0.15317665598000227,0
2022-11-01,40,100,0.17185696508972542,1
2022-11-01,45,100,0.13411569628264305,0
2022-11-01,50,100,0.1474363011328124,0
2022-11-01,55,100,0.11696444081246984,0
2022-11-01,60,100,0.1555196901278863,0
2022-11-01,10,150,0.11823583603457301,0
2022-11-01,15,150,0.06662073899937407,0
2022-11-01,20,150,0.03621841859579635,0
2022-11-01,25,150,0.02853387557908173,0
2022-11-01,30,150,0.11001976271980558,0
2022-11-01,35,150,0.1415516912718934,0
2022-11-01,40,150,0.16391969174240323,0
2022-11-01,45,150,0.11836376738477929,0
2022-11-01,50,150,0.14173325435610873,0
2022-11-01,55,150,0.1111956051513401,0
2022-11-01,60,150,0.15650373160077552,0
2022-11-01,10,200,0.11686702723611042,0
2022-11-01,15,200,0.06757264002819983,0
2022-11-01,20,200,0.0394863301120364,0
2022-11-01,25,200,0.03647056936703331,0
2022-11-01,30,200,0.11288544484587185,0
2022-11-01,35,200,0.14343136133227388,0
2022-11-01,40,200,0.1633239275651578,0
2022-11-01,45,200,0.1181868466106469,0
2022-11-01,50,200,0.13939418298633538,0
2022-11-01,55,200,0.10045502605553241,0
2022-11-01,60,200,0.12942932257451148,0
2022-12-01,10,100,0.07728181199534152,0
2022-12-01,15,100,0.08507579540557887,0
2022-12-01,20,100,-0.09142550889639361,0
2022-12-01,25,100,-0.174946063439125,0
2022-12-01,30,100,-0.14128687734106973,0
2022-12-01,35,100,-0.1854889711689302,0
2022-12-01,40,100,-0.11173704149743752,0
2022-12-01,45,100,-0.14700089717111708,0
2022-12-01,50,100,-0.12211482644124504,0
2022-12-01,55,100,-0.143097365274085,0
2022-12-01,60,100,-0.13928091436215068,0
2022-12-01,10,150,0.054237591258635615,0
2022-12-01,15,150,0.07251259327814923,0
2022-12-01,20,150,-0.11062301084856697,0
2022-12-01,25,150,-0.17841384664468996,0
2022-12-01,30,150,-0.1289942605027237,0
2022-12-01,35,150,-0.17880121405556304,0
2022-12-01,40,150,-0.10577171039089078,0
2022-12-01,45,150,-0.14359838876890413,0
2022-12-01,50,150,-0.11561712149134497,0
2022-12-01,55,150,-0.14044142959928044,0
2022-12-01,60,150,-0.1405785578138809,0
2022-12-01,10,200,0.08887195248004878,0
2022-12-01,15,200,0.11230798486433595,1
2022-12-01,20,200,-0.05833582943797035,0
2022-12-01,25,200,-0.1573344448810979,0
2022-12-01,30,200,-0.10670325398065524,0
2022-12-01,35,200,-0.17442363726011315,0
2022-12-01,40,200,-0.08901552482302093,0
2022-12-01,45,200,-0.1344714732584427,0
2022-12-01,50,200,-0.10443853130476916,0
2022-12-01,55,200,-0.13659640878415277,0
2022-12-01,60,200,-0.14239397107728097,0
2023-01-01,10,100,0.09815924786321205,0
2023-01-01,15,100,0.18605300816290948,0
2023-01-01,20,100,-0.017808282811353385,0
2023-01-01,25,100,-0.12926613815673357,0
2023-01-01,30,100,-0.11005622997463814,0
2023-01-01,35,100,-0.09227091114457524,0
2023-01-01,40,100,-0.09865831914849445,0
2023-01-01,45,100,-0.13595770051848147,0
2023-01-01,50,100,-0.0707868586208568,0
2023-01-01,55,100,-0.017033929446425733,0
2023-01-01,60,100,0.023890588925928574,0
2023-01-01,10,150,0.09946204400177439,0
2023-01-01,15,150,0.22482681440674127,1
2023-01-01,20,150,-0.01855986260941947,0
2023-01-01,25,150,-0.16317063785590424,0
2023-01-01,30,150,-0.11474038155645373,0
2023-01-01,35,150,-0.0614022485024304,0
2023-01-01,40,150,-0.07328433716091132,0
2023-01-01,45,150,-0.07805597074772853,0
2023-01-01,50,150,-0.009086290553176639,0
2023-01-01,55,150,0.02883950818527786,0
2023-01-01,60,150,0.04178232169940472,0
2023-01-01,10,200,0.11111990634450791,0
2023-01-01,15,200,0.208551484996001,0
2023-01-01,20,200,0.0035844747104929048,0
2023-01-01,25,200,-0.12587634296090214,0
2023-01-01,30,200,-0.09909533662055628,0
2023-01-01,35,200,-0.0727661933387626,0
2023-01-01,40,200,-0.08812064492336705,0
2023-01-01,45,200,-0.0970017736886446,0
2023-01-01,50,200,-0.0016528283954596417,0
2023-01-01,55,200,0.04111986616064994,0
2023-01-01,60,200,0.0565423981373523,0
2023-02-01,10,100,-0.16891333295405345,0
2023-02-01,15,100,0.025005073121527232,0
2023-02-01,20,100,-0.12069300862944835,0
2023-02-01,25,100,-0.0510598189644201,0
2023-02-01,30,100,-0.04445149562501244,0
2023-02-01,35,100,-0.028971087716953392,0
2023-02-01,40,100,0.002322474298323137,0
2023-02-01,45,100,-0.04779283859353182,0
2023-02-01,50,100,-0.004832898214971756,0
2023-02-01,55,100,0.050866468305606496,0
2023-02-01,60,100,0.062483983334965305,0
2023-02-01,10,150,-0.16041480431347177,0
2023-02-01,15,150,0.04035059172337907,0
2023-02-01,20,150,-0.1753297073321822,0
2023-02-01,25,150,-0.12165851380984655,0
2023-02-01,30,150,-0.08474246792378616,0
2023-02-01,35,150,-0.009546303366774098,0
2023-02-01,40,150,0.027513423440441047,0
2023-02-01,45,150,-0.042413284425259476,0
2023-02-01,50,150,0.023595802159681857,0
2023-02-01,55,150,0.07301126413625962,1
2023-02-01,60,150,0.0572084663111083,0
2023-02-01,10,200,-0.14695770909789688,0
2023-02-01,15,200,0.018756357016485488,0
2023-02-01,20,200,-0.1734198792815885,0
2023-02-01,25,200,-0.09754829379010622,0
2023-02-01,30,200,-0.07431624365262586,0
2023-02-01,35,200,-0.028244843477011786,0
2023-02-01,40,200,0.008811224308464856,0
2023-02-01,45,200,-0.0608391525660453,0
2023-02-01,50,200,0.004004021824908773,0
2023-02-01,55,200,0.05113952967348231,0
2023-02-01,60,200,0.03267471149887005,0
2023-03-01,10,100,0.14931332322238283,1
2023-03-01,15,100,0.07406457014969814,0
2023-03-01,20,100,-0.03619856152299301,0
2023-03-01,25,100,-0.02075954533524971,0
2023-03-01,30,100,-0.11473481074743402,0
2023-03-01,35,100,-0.0995946297310369,0
2023-03-01,40,100,-0.12435192411639755,0
2023-03-01,45,100,-0.11588837891935053,0
2023-03-01,50,100,-0.13233477334445998,0
2023-03-01,55,100,-0.11448571177271723,0
2023-03-01,60,100,-0.12176823404673394,0
2023-03-01,10,150,0.12651810130841593,0
2023-03-01,15,150,0.04504419480307098,0
2023-03-01,20,150,-0.07825263681085093,0
2023-03-01,25,150,-0.07489341788153554,0
2023-03-01,30,150,-0.18082538563443368,0
2023-03-01,35,150,-0.1109980633101705,0
2023-03-01,40,150,-0.12802186636130627,0
2023-03-01,45,150,-0.12376150654271165,0
2023-03-01,50,150,-0.1440015708118822,0
2023-03-01,55,150,-0.12346976691825733,0
2023-03-01,60,150,-0.14167675690363973,0
2023-03-01,10,200,0.14751842187249906,0
2023-03-01,15,200,0.06069425689027317,0
2023-03-01,20,200,-0.04473790098258087,0
2023-03-01,25,200,-0.027140931830275546,0
2023-03-01,30,200,-0.1688348383675409,0
2023-03-01,35,200,-0.1057313955766526,0
2023-03-01,40,200,-0.12595682475917028,0
2023-03-01,45,200,-0.12414196910184573,0
2023-03-01,50,200,-0.1493911062215389,0
2023-03-01,55,200,-0.13379291076501953,0
2023-03-01,60,200,-0.15445988312477985,0
2023-04-01,10,100,0.09258076095158818,0
2023-04-01,15,100,0.05380667833786371,0
2023-04-01,20,100,0.05762100849982841,0
2023-04-01,25,100,0.1369677077172827,0
2023-04-01,30,100,0.0272701060332935,0
2023-04-01,35,100,-0.12216739281400912,0
2023-04-01,40,100,-0.2522407072037396,0
2023-04-01,45,100,-0.31164005662625655,0
2023-04-01,50,100,-0.32143363415155524,0
2023-04-01,55,100,-0.2813298820052184,0
2023-04-01,60,100,-0.27155098414604,0
2023-04-01,10,150,0.07136792128589693,0
2023-04-01,15,150,0.029707342613605074,0
2023-04-01,20,150,0.04283670606905527,0
2023-04-01,25,150,0.1260085407412951,0
2023-04-01,30,150,0.0281307424366335,0
2023-04-01,35,150,-0.11310317100090624,0
2023-04-01,40,150,-0.2558328258224307,0
2023-04-01,45,150,-0.3171740376287427,0
2023-04-01,50,150,-0.32076444827039713,0
2023-04-01,55,150,-0.27758131570883476,0
2023-04-01,60,150,-0.27383248878569527,0
2023-04-01,10,200,0.09692932007251957,0
2023-04-01,15,200,0.05808538662987222,0
2023-04-01,20,200,0.08871082173576368,0
2023-04-01,25,200,0.1784470690135691,1
2023-04-01,30,200,0.08188211098511927,0
2023-04-01,35,200,-0.06448247523758695,0
2023-04-01,40,200,-0.22585515230714068,0
2023-04-01,45,200,-0.3240121324788266,0
2023-04-01,50,200,-0.335452038678499,0
2023-04-01,55,200,-0.28827325887864624,0
2023-04-01,60,200,-0.2831489033130092,0
2023-05-01,10,100,0.03221117860769328,0
2023-05-01,15,100,-0.07056464494625238,0
2023-05-01,20,100,-0.053065532274921216,0
2023-05-01,25,100,0.04734652091112191,0
2023-05-01,30,100,0.04794389829823354,0
2023-05-01,35,100,-0.006103117519483051,0
2023-05-01,40,100,-0.04057868766168014,0
2023-05-01,45,100,-0.012160416273220048,0
2023-05-01,50,100,-0.020687993873363588,0
2023-05-01,55,100,0.07038791080735385,0
2023-05-01,60,100,0.009164482730213084,0
2023-05-01,10,150,0.029798522130791046,0
2023-05-01,15,150,-0.061042738436541004,0
2023-05-01,20,150,-0.0331833235842864,0
2023-05-01,25,150,0.08445173035437374,0
2023-05-01,30,150,0.1116759028134419,0
2023-05-01,35,150,0.05338178603190809,0
2023-05-01,40,150,-0.018781466321951473,0
2023-05-01,45,150,0.009451093301522396,0
2023-05-01,50,150,-0.006750475386162574,0
2023-05-01,55,150,0.1301011098697207,1
2023-05-01,60,150,0.02047015502188593,0
2023-05-01,10,200,0.02083802803128642,0
2023-05-01,15,200,-0.07377511073249296,0
2023-05-01,20,200,-0.046408852389015084,0
2023-05-01,25,200,0.06541484203449757,0
2023-05-01,30,200,0.07659706555323413,0
2023-05-01,35,200,0.021435176305499494,0
2023-05-01,40,200,-0.028848565596313536,0
2023-05-01,45,200,-0.008152497428296827,0
2023-05-01,50,200,-0.021296199937416178,0
2023-05-01,55,200,0.09223590415239138,0
2023-05-01,60,200,0.0050535593975744,0
2023-06-01,10,100,0.00317578713104355,0
2023-06-01,15,100,-0.0491326583542877,0
2023-06-01,20,100,0.016167796263469456,0
2023-06-01,25,100,0.12018835196165403,0
2023-06-01,30,100,0.21233145945027182,0
2023-06-01,35,100,0.15147434242800495,0
2023-06-01,40,100,0.1084231663911864,0
2023-06-01,45,100,0.08945657515485302,0
2023-06-01,50,100,0.1024992766269057,0
2023-06-01,55,100,0.14138980705210777,0
2023-06-01,60,100,0.08980259443936836,0
2023-06-01,10,150,0.017322831022867986,0
2023-06-01,15,150,-0.03780642542271124,0
2023-06-01,20,150,0.006452778258580576,0
2023-06-01,25,150,0.10239500019040232,0
2023-06-01,30,150,0.2196046358879701,1
2023-06-01,35,150,0.1655321186786517,0
2023-06-01,40,150,0.10545928736069389,0
2023-06-01,45,150,0.0958206780566757,0
2023-06-01,50,150,0.12141455457103376,0
2023-06-01,55,150,0.1817707794322856,0
2023-06-01,60,150,0.10148495911027791,0
2023-06-01,10,200,0.0031076985255385154,0
2023-06-01,15,200,-0.06764864757551853,0
2023-06-01,20,200,-0.027350217220715903,0
2023-06-01,25,200,0.06726669452602088,0
2023-06-01,30,200,0.1968849559421409,0
2023-06-01,35,200,0.14667249036671934,0
2023-06-01,40,200,0.09505518995883291,0
2023-06-01,45,200,0.0873049124496095,0
2023-06-01,50,200,0.10889537089868391,0
2023-06-01,55,200,0.16481121116868802,0
2023-06-01,60,200,0.09965724278057715,0
2023-07-01,10,100,-0.07877227970389601,0
2023-07-01,15,100,-0.06242608824995563,0
2023-07-01,20,100,-0.06512917912789769,0
2023-07-01,25,100,0.01782153653327121,0
2023-07-01,30,100,0.1314020371020498,0
2023-07-01,35,100,0.14034026570895045,0
2023-07-01,40,100,0.09985474460331781,0
2023-07-01,45,100,0.08524738921806771,0
2023-07-01,50,100,0.11573348740043526,0
2023-07-01,55,100,0.11841324685280288,0
2023-07-01,60,100,0.018787198172952078,0
2023-07-01,10,150,-0.07946145183979994,0
2023-07-01,15,150,-0.06507656159259596,0
2023-07-01,20,150,-0.05767831267412455,0
2023-07-01,25,150,0.017644897445869993,0
2023-07-01,30,150,0.13067513272460102,0
2023-07-01,35,150,0.1353391628849039,0
2023-07-01,40,150,0.09683275917183423,0
2023-07-01,45,150,0.09072751350694079,0
2023-07-01,50,150,0.13293885854471207,0
2023-07-01,55,150,0.15395913294617333,1
2023-07-01,60,150,0.04958211441027551,0
2023-07-01,10,200,-0.07754610748859762,0
2023-07-01,15,200,-0.057747768122809316,0
2023-07-01,20,200,-0.041108103763146796,0
2023-07-01,25,200,0.03398411868712219,0
2023-07-01,30,200,0.13099526515770682,0
2023-07-01,35,200,0.13021911454004204,0
2023-07-01,40,200,0.09047901540853574,0
2023-07-01,45,200,0.08677004553928719,0
2023-07-01,50,200,0.12608412617157055,0
2023-07-01,55,200,0.14464722078268807,0
2023-07-01,60,200,0.040846697776538037,0
2023-08-01,10,100,-0.04500720358512082,0
2023-08-01,15,100,-0.03257520721638875,0
2023-08-01,20,100,0.01794088929802298,0
2023-08-01,25,100,0.06613989487217756,0
2023-08-01,30,100,0.1731473262542858,0
2023-08-01,35,100,0.13617967338353648,0
2023-08-01,40,100,0.019773039696726145,0
2023-08-01,45,100,0.015882479029073523,0
2023-08-01,50,100,0.11673643348147457,0
2023-08-01,55,100,0.15725068234118153,0
2023-08-01,60,100,0.16821532938656925,0
2023-08-01,10,150,-0.0406001970629851,0
2023-08-01,15,150,-0.04659584718021153,0
2023-08-01,20,150,-0.003350986862478095,0
2023-08-01,25,150,0.03161460561165525,0
2023-08-01,30,150,0.1236429361956732,0
2023-08-01,35,150,0.0890209265404562,0
2023-08-01,40,150,-0.010685912600208937,0
2023-08-01,45,150,0.007618154432360376,0
2023-08-01,50,150,0.12176077926645125,0
2023-08-01,55,150,0.1653896470805485,0
2023-08-01,60,150,0.18794996415511422,0
2023-08-01,10,200,-0.04250921812313222,0
2023-08-01,15,200,-0.03729790613492172,0
2023-08-01,20,200,0.01123888013482374,0
2023-08-01,25,200,0.056489731082643595,0
2023-08-01,30,200,0.15203107151362424,0
2023-08-01,35,200,0.11940240575448344,0
2023-08-01,40,200,0.022162786743751644,0
2023-08-01,45,200,0.04449840125884278,0
2023-08-01,50,200,0.13934980761993598,0
2023-08-01,55,200,0.17533267264293573,0
2023-08-01,60,200,0.19369119731268847,1
2023-09-01,10,100,0.014887025994367972,1
2023-09-01,15,100,-0.09343542894696837,0
2023-09-01,20,100,-0.07143233672120346,0
2023-09-01,25,100,-0.11368026734448128,0
2023-09-01,30,100,-0.0759607070678364,0
2023-09-01,35,100,-0.12744813835154323,0
2023-09-01,40,100,-0.26215285498925356,0
2023-09-01,45,100,-0.2879015677909666,0
2023-09-01,50,100,-0.1677966679280123,0
2023-09-01,55,100,-0.042155609158060964,0
2023-09-01,60,100,-0.012553532789648738,0
2023-09-01,10,150,-0.002635326891452612,0
2023-09-01,15,150,-0.085836263067812,0
2023-09-01,20,150,-0.05758031997665458,0
2023-09-01,25,150,-0.10351197050536617,0
2023-09-01,30,150,-0.07346847202711569,0
2023-09-01,35,150,-0.1175837520589583,0
2023-09-01,40,150,-0.23384733780013572,0
2023-09-01,45,150,-0.23246271977487165,0
2023-09-01,50,150,-0.10659643111800403,0
2023-09-01,55,150,-0.01337404366619596,0
2023-09-01,60,150,0.0038858433046020124,0
2023-09-01,10,200,0.0018967533307413429,0
2023-09-01,15,200,-0.08659391767735278,0
2023-09-01,20,200,-0.06762083242884352,0
2023-09-01,25,200,-0.11117363996783497,0
2023-09-01,30,200,-0.0807328156965254,0
2023-09-01,35,200,-0.1307478353211154,0
2023-09-01,40,200,-0.25834245891809093,0
2023-09-01,45,200,-0.2657258861542099,0
2023-09-01,50,200,-0.1410162811053427,0
2023-09-01,55,200,-0.041886144277683786,0
2023-09-01,60,200,-0.0226662462996095,0
2023-10-01,10,100,0.11480659642170558,0
2023-10-01,15,100,-0.007794724702300381,0
2023-10-01,20,100,-0.09535706059665085,0
2023-10-01,25,100,-0.10314889898890783,0
2023-10-01,30,100,-0.06219607400782339,0
2023-10-01,35,100,-0.1620465886228911,0
2023-10-01,40,100,-0.25850618165710787,0
2023-10-01,45,100,-0.2759870488240852,0
2023-10-01,50,100,-0.13887418879539468,0
2023-10-01,55,100,0.0022761224519581647,0
2023-10-01,60,100,0.03143114389967236,0
2023-10-01,10,150,0.12088450405494403,1
2023-10-01,15,150,-0.023919434878005685,0
2023-10-01,20,150,-0.12180756345807618,0
2023-10-01,25,150,-0.12333222560535832,0
2023-10-01,30,150,-0.08110085584575354,0
2023-10-01,35,150,-0.17339834212429103,0
2023-10-01,40,150,-0.25400939530157024,0
2023-10-01,45,150,-0.22865805164022648,0
2023-10-01,50,150,-0.08451413900413741,0
2023-10-01,55,150,0.0110786636412314,0
2023-10-01,60,150,0.03038570672112764,0
2023-10-01,10,200,0.11893372872827176,0
2023-10-01,15,200,-0.024997097902553087,0
2023-10-01,20,200,-0.11830832246857102,0
2023-10-01,25,200,-0.11614115636573671,0
2023-10-01,30,200,-0.0761935726796194,0
2023-10-01,35,200,-0.17045549160685572,0
2023-10-01,40,200,-0.25536368724556296,0
2023-10-01,45,200,-0.24787787804304,0
2023-10-01,50,200,-0.09892482687030964,0
2023-10-01,55,200,0.018430700620858192,0
2023-10-01,60,200,0.03974303347571966,0
2023-11-01,10,100,0.13854566227015344,1
2023-11-01,15,100,0.048164892073428715,0
2023-11-01,20,100,-0.05165239097299592,0
2023-11-01,25,100,-0.0840907178490627,0
2023-11-01,30,100,-0.06124305815625298,0
2023-11-01,35,100,-0.22819870141055373,0
2023-11-01,40,100,-0.2438454422263305,0
2023-11-01,45,100,-0.198458045639359,0
2023-11-01,50,100,-0.08690348224725873,0
2023-11-01,55,100,-0.16348117072366689,0
2023-11-01,60,100,-0.09347882273586643,0
2023-11-01,10,150,0.11698075462991478,0
2023-11-01,15,150,0.06480956142176705,0
2023-11-01,20,150,-0.05207528828851347,0
2023-11-01,25,150,-0.09573335481959427,0
2023-11-01,30,150,-0.06515399266928633,0
2023-11-01,35,150,-0.22914061820581966,0
2023-11-01,40,150,-0.22520232513865002,0
2023-11-01,45,150,-0.16991895110623417,0
2023-11-01,50,150,-0.08886669730329623,0
2023-11-01,55,150,-0.14945301417419277,0
2023-11-01,60,150,-0.09889391550358416,0
2023-11-01,10,200,0.12409659482976072,0
2023-11-01,15,200,0.04605664693772355,0
2023-11-01,20,200,-0.059559674576972865,0
2023-11-01,25,200,-0.08980385860042345,0
2023-11-01,30,200,-0.06331597324132288,0
2023-11-01,35,200,-0.23074994619835623,0
2023-11-01,40,200,-0.2402990061539962,0
2023-11-01,45,200,-0.18921907310376948,0
2023-11-01,50,200,-0.09891980283613691,0
2023-11-01,55,200,-0.16341660955121143,0
2023-11-01,60,200,-0.10160796160982662,0
2023-12-01,10,100,0.03641510548210933,0
2023-12-01,15,100,0.12112021589794458,1
2023-12-01,20,100,0.06047689816966389,0
2023-12-01,25,100,0.06509823832166038,0
2023-12-01,30,100,0.0747584731643482,0
2023-12-01,35,100,-0.17902955208659996,0
2023-12-01,40,100,-0.17608787404488016,0
2023-12-01,45,100,-0.035727074149184565,0
2023-12-01,50,100,0.09531142871650894,0
2023-12-01,55,100,0.01923626191139196,0
2023-12-01,60,100,-0.02246178354740196,0
2023-12-01,10,150,0.022412603591138107,0
2023-12-01,15,150,0.10927121936642736,0
2023-12-01,20,150,0.05569716792405127,0
2023-12-01,25,150,0.056773057481745715,0
2023-12-01,30,150,0.09199008459647179,0
2023-12-01,35,150,-0.1649006025437899,0
2023-12-01,40,150,-0.1593885641668873,0
2023-12-01,45,150,-0.01641616739674959,0
2023-12-01,50,150,0.09481181215122483,0
2023-12-01,55,150,0.022595334958352916,0
2023-12-01,60,150,-0.0033679029540949024,0
2023-12-01,10,200,0.020828225286026684,0
2023-12-01,15,200,0.11793146397829954,0
2023-12-01,20,200,0.060350491999525836,0
2023-12-01,25,200,0.06687282697020053,0
2023-12-01,30,200,0.09137048517530981,0
2023-12-01,35,200,-0.15779494778285327,0
2023-12-01,40,200,-0.16142919546513984,0
2023-12-01,45,200,-0.021660860751670105,0
2023-12-01,50,200,0.096207056224531,0
2023-12-01,55,200,0.02977453187767477,0
2023-12-01,60,200,-0.013656705840731972,0
2024-01-01,10,100,0.02078323173083139,0
2024-01-01,15,100,0.05327431830568058,0
2024-01-01,20,100,0.05790252712854118,0
2024-01-01,25,100,0.03678339368097527,0
2024-01-01,30,100,0.0802680978137646,0
2024-01-01,35,100,-0.1050400586026086,0
2024-01-01,40,100,-0.15032151552745254,0
2024-01-01,45,100,-0.017499156093276878,0
2024-01-01,50,100,0.057772653823921896,0
2024-01-01,55,100,-0.047635529775122934,0
2024-01-01,60,100,-0.06298355606143224,0
2024-01-01,10,150,0.021053874843547746,0
2024-01-01,15,150,0.04531783125114274,0
2024-01-01,20,150,0.03995261384260897,0
2024-01-01,25,150,0.012645499441175826,0
2024-01-01,30,150,0.0706814373450083,0
2024-01-01,35,150,-0.09104801083587503,0
2024-01-01,40,150,-0.14372012871134354,0
2024-01-01,45,150,-0.03501314893672574,0
2024-01-01,50,150,0.017355425627042197,0
2024-01-01,55,150,-0.0949894135220314,0
2024-01-01,60,150,-0.09644932855361824,0
2024-01-01,10,200,0.013721116608787358,0
2024-01-01,15,200,0.03632096520376937,0
2024-01-01,20,200,0.04422846962351044,0
2024-01-01,25,200,0.03110427595984021,0
2024-01-01,30,200,0.09688744937547648,1
2024-01-01,35,200,-0.05081642594134755,0
2024-01-01,40,200,-0.10659530809888644,0
2024-01-01,45,200,0.0011538530241126748,0
2024-01-01,50,200,0.0437526155690011,0
2024-01-01,55,200,-0.05609204277466412,0
2024-01-01,60,200,-0.07208780597571927,0
2024-02-01,10,100,-0.00998152998099006,0
2024-02-01,15,100,-0.011263933466828526,0
2024-02-01,20,100,0.07433742014393922,0
2024-02-01,25,100,0.00825331557154667,0
2024-02-01,30,100,0.015771113413445424,0
2024-02-01,35,100,0.006103199666549014,0
2024-02-01,40,100,0.014244820952894257,0
2024-02-01,45,100,0.09682014839858955,0
2024-02-01,50,100,0.0927838042989016,0
2024-02-01,55,100,0.08242410926587439,0
2024-02-01,60,100,0.04285433648577503,0
2024-02-01,10,150,-0.007080436500312514,0
2024-02-01,15,150,-0.003813799813429178,0
2024-02-01,20,150,0.07488977862867068,0
2024-02-01,25,150,0.02644477998490325,0
2024-02-01,30,150,0.05511720468294312,0
2024-02-01,35,150,0.04397776254427259,0
2024-02-01,40,150,0.040268977857588414,0
2024-02-01,45,150,0.0782288401787597,0
2024-02-01,50,150,0.0511058889445174,0
2024-02-01,55,150,0.04464587017237392,0
2024-02-01,60,150,0.019055698383048034,0
2024-02-01,10,200,-0.0097787564816933,0
2024-02-01,15,200,0.00025160740512920654,0
2024-02-01,20,200,0.08356004876985783,0
2024-02-01,25,200,0.028941426227013647,0
2024-02-01,30,200,0.06172320066555079,0
2024-02-01,35,200,0.05814004918229432,0
2024-02-01,40,200,0.056513870952242876,0
2024-02-01,45,200,0.11171535973615966,1
2024-02-01,50,200,0.08108798435039997,0
2024-02-01,55,200,0.06788644426943874,0
2024-02-01,60,200,0.03206139270865313,0
2024-03-01,10,100,-0.09212984026812297,1
2024-03-01,15,100,-0.1940628380088461,0
2024-03-01,20,100,-0.2083829375863795,0
2024-03-01,25,100,-0.243210964394248,0
2024-03-01,30,100,-0.1915360759977413,0
2024-03-01,35,100,-0.21958933241868522,0
2024-03-01,40,100,-0.22902699210932684,0
2024-03-01,45,100,-0.25215322479831326,0
2024-03-01,50,100,-0.29765876419617887,0
2024-03-01,55,100,-0.311601238286037,0
2024-03-01,60,100,-0.2810593533552384,0
2024-03-01,10,150,-0.09395536535182235,0
2024-03-01,15,150,-0.19658354335322598,0
2024-03-01,20,150,-0.23466374065427165,0
2024-03-01,25,150,-0.2763947572374358,0
2024-03-01,30,150,-0.21750935271470523,0
2024-03-01,35,150,-0.2546202218353125,0
2024-03-01,40,150,-0.25893644795072407,0
2024-03-01,45,150,-0.2790239024821786,0
2024-03-01,50,150,-0.30499469323777856,0
2024-03-01,55,150,-0.30144298550011545,0
2024-03-01,60,150,-0.2747854077138471,0
2024-03-01,10,200,-0.10677113529395432,0
2024-03-01,15,200,-0.20608780752036043,0
2024-03-01,20,200,-0.2403561495286408,0
2024-03-01,25,200,-0.2815166397938515,0
2024-03-01,30,200,-0.22708410499914133,0
2024-03-01,35,200,-0.2617858525379389,0
2024-03-01,40,200,-0.26883983230730546,0
2024-03-01,45,200,-0.2944071465002232,0
2024-03-01,50,200,-0.32407461769535706,0
2024-03-01,55,200,-0.31312913238001483,0
2024-03-01,60,200,-0.2854536516610534,0
2024-04-01,10,100,-0.040468447843377366,1
2024-04-01,15,100,-0.1594062719807839,0
2024-04-01,20,100,-0.18106514114954447,0
2024-04-01,25,100,-0.21866879909330386,0
2024-04-01,30,100,-0.16906248256183934,0
2024-04-01,35,100,-0.21601583059146734,0
2024-04-01,40,100,-0.21619563245765583,0
2024-04-01,45,100,-0.25308104992683894,0
2024-04-01,50,100,-0.2951060983473805,0
2024-04-01,55,100,-0.3026302676076863,0
2024-04-01,60,100,-0.3086717932506346,0
2024-04-01,10,150,-0.0583436194757056,0
2024-04-01,15,150,-0.16521981989508536,0
2024-04-01,20,150,-0.20654798512525505,0
2024-04-01,25,150,-0.26084358860405676,0
2024-04-01,30,150,-0.2043472772204906,0
2024-04-01,35,150,-0.27164741399939457,0
2024-04-01,40,150,-0.26513911246810296,0
2024-04-01,45,150,-0.29246815061475917,0
2024-04-01,50,150,-0.32135887766740706,0
2024-04-01,55,150,-0.3220010559190751,0
2024-04-01,60,150,-0.32705982804257416,0
2024-04-01,10,200,-0.06327086978826495,0
2024-04-01,15,200,-0.17419617314780228,0
2024-04-01,20,200,-0.22366599977222726,0
2024-04-01,25,200,-0.2827779664968484,0
2024-04-01,30,200,-0.22914094218626785,0
2024-04-01,35,200,-0.29576845165744303,0
2024-04-01,40,200,-0.2935574999923508,0
2024-04-01,45,200,-0.32865225025541933,0
2024-04-01,50,200,-0.3601478894980637,0
2024-04-01,55,200,-0.34247861796839235,0
2024-04-01,60,200,-0.33515097160355234,0
2024-05-01,10,100,-0.05428980434177978,1
2024-05-01,15,100,-0.24039510891648208,0
2024-05-01,20,100,-0.28636271588440665,0
2024-05-01,25,100,-0.3157248842433967,0
2024-05-01,30,100,-0.22890612195699475,0
2024-05-01,35,100,-0.31010565421883235,0
2024-05-01,40,100,-0.29511109177587563,0
2024-05-01,45,100,-0.39780505499311913,0
2024-05-01,50,100,-0.3373260286935744,0
2024-05-01,55,100,-0.3255486327640929,0
2024-05-01,60,100,-0.3176037502892754,0
2024-05-01,10,150,-0.09594829172563278,0
2024-05-01,15,150,-0.24825223042468736,0
2024-05-01,20,150,-0.2761206353358823,0
2024-05-01,25,150,-0.3010614294515088,0
2024-05-01,30,150,-0.21936265308868205,0
2024-05-01,35,150,-0.31247266557256537,0
2024-05-01,40,150,-0.294755341255729,0
2024-05-01,45,150,-0.39546214451288747,0
2024-05-01,50,150,-0.33615954683555105,0
2024-05-01,55,150,-0.31873188364430505,0
2024-05-01,60,150,-0.3110237207176166,0
2024-05-01,10,200,-0.09183645433558592,0
2024-05-01,15,200,-0.25374763747977697,0
2024-05-01,20,200,-0.28847130102979246,0
2024-05-01,25,200,-0.3089453754396152,0
2024-05-01,30,200,-0.2264293671828389,0
2024-05-01,35,200,-0.31539003141741834,0
2024-05-01,40,200,-0.295276013148991,0
2024-05-01,45,200,-0.39883398126016656,0
2024-05-01,50,200,-0.33492362598066766,0
2024-05-01,55,200,-0.30822549879185596,0
2024-05-01,60,200,-0.30151500406399406,0
2024-06-01,10,100,0.10344745179734974,0
2024-06-01,15,100,0.05934581878261272,0
2024-06-01,20,100,0.019030753983808612,0
2024-06-01,25,100,-0.04967262144686942,0
2024-06-01,30,100,0.018149981977999066,0
2024-06-01,35,100,-0.09109996212440727,0
2024-06-01,40,100,-0.07872732324998787,0
2024-06-01,45,100,-0.27691317862565823,0
2024-06-01,50,100,-0.09952646583466873,0
2024-06-01,55,100,-0.1355174207411961,0
2024-06-01,60,100,-0.09468677554259357,0
2024-06-01,10,150,0.11810722599039748,1
2024-06-01,15,150,0.06852853960819738,0
2024-06-01,20,150,0.03413176497445117,0
2024-06-01,25,150,-0.04048353908567713,0
2024-06-01,30,150,0.029774243283420782,0
2024-06-01,35,150,-0.08662310207729684,0
2024-06-01,40,150,-0.06524471025875729,0
2024-06-01,45,150,-0.2840559154984917,0
2024-06-01,50,150,-0.09961287466922229,0
2024-06-01,55,150,-0.14244340244667006,0
2024-06-01,60,150,-0.10516962280571036,0
2024-06-01,10,200,0.11104262965021805,0
2024-06-01,15,200,0.06634752424570342,0
2024-06-01,20,200,0.035452339282449195,0
2024-06-01,25,200,-0.03448282504384329,0
2024-06-01,30,200,0.04711539884527082,0
2024-06-01,35,200,-0.07745267942334258,0
2024-06-01,40,200,-0.057405646595875943,0
2024-06-01,45,200,-0.2825246799419786,0
2024-06-01,50,200,-0.09381812339173422,0
2024-06-01,55,200,-0.14177062486417488,0
2024-06-01,60,200,-0.1055006777274664,0
