'030002',权证
'031002',权证
'031003',权证
'031004',权证
'031006',权证
'038004',权证
'038006',权证
'072142',债券
'123003',债券
'128024',债券
'150019',分级基金
'150152',分级基金
'150153',分级基金
'150172',分级基金
'150181',分级基金
'150182',分级基金
'150187',分级基金
'150194',分级基金
'150204',分级基金
'150206',分级基金
'150210',分级基金
'150218',分级基金
'150222',分级基金
'150231',分级基金
'150235',分级基金
'159915',ETF
'159919',ETF
'161024',货币基金
'184691',LOF基金
'204001',逆回购
'204003',逆回购
'204004',逆回购
'204007',逆回购
'205001',逆回购
'370433',债券
'502008',分级基金
'510050',ETF
'510300',ETF
'510500',ETF
'519888',货币基金
'580006',权证
'580009',权证
'580010',权证
'580011',权证
'580012',权证
'580013',权证
'580014',权证
'580016',权证
'580019',权证
'580026',权证
'580989',权证
